"ID","AcceptedTaxonID","Genus","SubGenusName","Species","AuthorString","InfraSpecies","InfraSpecificMarker","InfraSpecificAuthorString","GSDNameStatus","Sp2000NameStatus","GSDNameGUI"
358,35,"Phlebotomus","Pintomyia","gorbitzi","","",,"","original combination, valid: No","Unambiguous Synonym",
61,1,"Phlebotomus","","avellari","","",,"","original combination, valid: No","Unambiguous Synonym",
117,3,"Brumptomyia","","bragai","","",,"","original combination, valid: No","Unambiguous Synonym",
144,5,"Phlebotomus","","cardosoi","","",,"","original combination, valid: No","Unambiguous Synonym",
236,6,"Flebotomus","","cunhai","","",,"","original combination, valid: No","Unambiguous Synonym",
255,7,"Phlebotomus","Brumptomyia","devenanzii","","",,"","original combination, valid: No","Unambiguous Synonym",
313,8,"Brumptomyia","","figueiredoi","","",,"","original combination, valid: No","Unambiguous Synonym",
365,10,"Phlebotomus","","guimaraesi","","",,"","original combination, valid: No","Unambiguous Synonym",
373,11,"Phlebotomus","Brumptomyia","hamatus","","",,"","original combination, valid: No","Unambiguous Synonym",
432,12,"Phlebotomus","Brumptomyia","leopoldoi","","",,"","original combination, valid: No","Unambiguous Synonym",
466,13,"Phlebotomus","","mangabeirai","","",,"","original combination, valid: No","Unambiguous Synonym",
519,14,"Phlebotomus","","nitzulescui","","",,"","original combination, valid: No","Unambiguous Synonym",
554,15,"Brumptomyia","","orlandoi","","",,"","original combination, valid: No","Unambiguous Synonym",
556,16,"Brumptomyia","","ortizi","","",,"","original combination, valid: No","Unambiguous Synonym",
591,17,"Flebotomus","","pentacanthus","","",,"","original combination, valid: No","Unambiguous Synonym",
780,20,"Flebotomus","","travassosi","","",,"","original combination, valid: No","Unambiguous Synonym",
793,21,"Phlebotomus","","troglodytes","","",,"","original combination, valid: No","Unambiguous Synonym",
827,22,"Brumptomyia","","virgensi","","",,"","original combination, valid: No","Unambiguous Synonym",
4,23,"Lutzomyia","","abunaensis","1965","",,"","original combination, valid: No","Unambiguous Synonym",
75,25,"Flebotomus","","barrettoi","","",,"","original combination, valid: No","Unambiguous Synonym",
148,28,"Phlebotomus","","carpenteri","","",,"","original combination, valid: No","Unambiguous Synonym",
221,29,"Flebotomus","","coutinhoi","","",,"","original combination, valid: No","Unambiguous Synonym",
397,30,"Phlebotomus","","inflatus","","",,"","original combination, valid: No","Unambiguous Synonym",
673,32,"Phlebotomus","","runoides","","",,"","original combination, valid: No","Unambiguous Synonym",
767,33,"Phlebotomus","","texanus","","",,"","original combination, valid: No","Unambiguous Synonym",
73,34,"Flebotomus","","baityi","","",,"","original combination, valid: No","Unambiguous Synonym",
506,36,"Lutzomyia","","moucheti","","",,"","original combination, valid: No","Unambiguous Synonym",
43,37,"Phlebotomus","","aquilonius","","",,"","original combination, valid: No","Unambiguous Synonym",
249,39,"Phlebotomus","","deleoni","","",,"","original combination, valid: No","Unambiguous Synonym",
416,41,"Phlebotomus","","isovespertilionis","","",,"","original combination, valid: No","Unambiguous Synonym",
750,42,"Phlebotomus","","steatopygus","","",,"","original combination, valid: No","Unambiguous Synonym",
816,43,"Phlebotomus","","vesiciferus","","",,"","original combination, valid: No","Unambiguous Synonym",
817,44,"Phlebotomus","","vespertilionis","","",,"","original combination, valid: No","Unambiguous Synonym",
830,45,"Phlebotomus","","viriosus","","",,"","original combination, valid: No","Unambiguous Synonym",
34,47,"Phlebotomus","Dampfomyia","anthophorus","","",,"","original combination, valid: No","Unambiguous Synonym",
56,48,"Phlebotomus","Anthophorus","atulapai","","",,"","original combination, valid: No","Unambiguous Synonym",
266,49,"Phlebotomus","Dampfomyia","dodgei","","",,"","original combination, valid: No","Unambiguous Synonym",
406,50,"Phlebotomus","","insolitus","","",,"","original combination, valid: No","Unambiguous Synonym",
595,51,"Phlebotomus","","permirus","","",,"","original combination, valid: No","Unambiguous Synonym",
664,52,"Phlebotomus","Anthophorus","rosabali","","",,"","original combination, valid: No","Unambiguous Synonym",
248,53,"Phlebotomus","","del-pozoi","","",,"","original combination, valid: No","Unambiguous Synonym",
413,54,"Phlebotomus","","inusitatus","","",,"","original combination, valid: No","Unambiguous Synonym",
613,55,"Phlebotomus","Anthophorus","piedra-ferroi","","",,"","original combination, valid: No","Unambiguous Synonym",
11,56,"Phlebotomus","","aclydiferus","","",,"","original combination, valid: No","Unambiguous Synonym",
269,57,"Flebotomus","","dreisbachi","","",,"","original combination, valid: No","Unambiguous Synonym",
380,58,"Lutzomyia","","hermanlenti","","",,"","original combination, valid: No","Unambiguous Synonym",
675,59,"Lutzomyia","","ruparupa","","",,"","original combination, valid: No","Unambiguous Synonym",
84,60,"Phlebotomus","Evandromyia","begonae","","",,"","original combination, valid: No","Unambiguous Synonym",
108,61,"Phlebotomus","","bourrouli","","",,"","original combination, valid: No","Unambiguous Synonym",
116,62,"Flebotomus","Evandromyia","brachyphallus","","",,"","original combination, valid: No","Unambiguous Synonym",
182,63,"Flebotomus","","cerqueirai","","",,"","original combination, valid: No","Unambiguous Synonym",
400,64,"Flebotomus","Evandromyia","infraspinosus","","",,"","original combination, valid: No","Unambiguous Synonym",
500,66,"Phlebotomus","","monstruosus","","",,"","original combination, valid: No","Unambiguous Synonym",
107,72,"Phlebotomus","","botellus","","",,"","original combination, valid: No","Unambiguous Synonym",
179,74,"Phlebotomus","","ceferinoi","","",,"","original combination, valid: No","Unambiguous Synonym",
198,75,"Lutzomyia","","cirrita","","",,"","original combination, valid: No","Unambiguous Synonym",
292,76,"Phlebotomus","Peruensis","erwindonaldoi","","",,"","original combination, valid: No","Unambiguous Synonym",
378,77,"Phlebotomus","","hartmanni","","",,"","original combination, valid: No","Unambiguous Synonym",
393,78,"Phlebotomus","","imperatrix","","",,"","original combination, valid: No","Unambiguous Synonym",
522,80,"Phlebotomus","Brumptomyia","noguchii","","",,"","original combination, valid: No","Unambiguous Synonym",
596,83,"Phlebotomus","Brumptomyia","peruensis","","",,"","original combination, valid: No","Unambiguous Synonym",
598,84,"Phlebotomus","","pescei","","",,"","original combination, valid: No","Unambiguous Synonym",
687,85,"Phlebotomus","","sanguinarius","","",,"","original combination, valid: No","Unambiguous Synonym",
695,86,"Phlebotomus","","scorzai","","",,"","original combination, valid: No","Unambiguous Synonym",
751,87,"Phlebotomus","","stewarti","","",,"","original combination, valid: No","Unambiguous Synonym",
759,89,"Lutzomyia","","tejadai","","",,"","original combination, valid: No","Unambiguous Synonym",
774,90,"Lutzomyia","","tortura","","",,"","original combination, valid: No","Unambiguous Synonym",
807,91,"Lutzomyia","","valderramai","","",,"","original combination, valid: No","Unambiguous Synonym",
809,92,"Phlebotomus","","vargasi","","",,"","original combination, valid: No","Unambiguous Synonym",
819,93,"Flebotomus","","vexator","","",,"","original combination, valid: No","Unambiguous Synonym",
261,95,"Flebotomus","","digitatum","","",,"","original combination, valid: No","Unambiguous Synonym",
585,97,"Phlebotomus","","pelloni","","",,"","original combination, valid: No","Unambiguous Synonym",
19,99,"Phlebotomus","","amarali","","",,"","original combination, valid: No","Unambiguous Synonym",
46,100,"Lutzomyia","","araracuarensis","","",,"","original combination, valid: No","Unambiguous Synonym",
79,101,"Phlebotomus","","battistinii","","",,"","original combination, valid: No","Unambiguous Synonym",
96,102,"Phlebotomus","","bicornutus","","",,"","original combination, valid: No","Unambiguous Synonym",
133,104,"Lutzomyia","","caligata","","",,"","original combination, valid: No","Unambiguous Synonym",
154,105,"Flebotomus","","carvalhoi","","",,"","original combination, valid: No","Unambiguous Synonym",
158,106,"Phlebotomus","","castroi","","",,"","original combination, valid: No","Unambiguous Synonym",
162,107,"Phlebotomus","","cavernicolus","","",,"","original combination, valid: No","Unambiguous Synonym",
230,110,"Flebotomus","","cruzi","","",,"","original combination, valid: No","Unambiguous Synonym",
257,111,"Phlebotomus","Brumptomyia","diabolicus","","",,"","original combination, valid: No","Unambiguous Synonym",
297,113,"Lutzomyia","","evangelistai","","",,"","original combination, valid: No","Unambiguous Synonym",
319,114,"Lutzomyia","","flabellata","","",,"","original combination, valid: No","Unambiguous Synonym",
1227,116,"Phlebotomus","Lutziomyia","gaminarai","","",,"","original combination, valid: No","Unambiguous Synonym",
345,117,"Lutzomyia","","gasparviannai","","",,"","original combination, valid: No","Unambiguous Synonym",
355,118,"Phlebotomus","","gomezi","","",,"","original combination, valid: No","Unambiguous Synonym",
436,121,"Phlebotomus","","lichyi","","",,"","original combination, valid: No","Unambiguous Synonym",
706,125,"Lutzomyia","","sherlocki","","",,"","original combination, valid: No","Unambiguous Synonym",
55,128,"Phlebotomus","","atroclavatus","","",,"","original combination, valid: No","Unambiguous Synonym",
132,129,"Phlebotomus","","californicus","","",,"","original combination, valid: No","Unambiguous Synonym",
164,130,"Lutzomyia","","cayennensis braci","","",,"","original combination, valid: No","Unambiguous Synonym",
167,132,"Lutzomyia","","cayennensis cruzi","","",,"","original combination, valid: No","Unambiguous Synonym",
169,133,"Phlebotomus","","cayennensis hispaniolae","","",,"","original combination, valid: No","Unambiguous Synonym",
171,134,"Phlebotomus","","cayennensis jamaicensis","","",,"","original combination, valid: No","Unambiguous Synonym",
173,135,"Phlebotomus","","cayennensis maciasi","","",,"","original combination, valid: No","Unambiguous Synonym",
175,136,"Phlebotomus","","cayennensis puertoricensis","","",,"","original combination, valid: No","Unambiguous Synonym",
177,137,"Phlebotomus","","cayennensis viequesensis","","",,"","original combination, valid: No","Unambiguous Synonym",
233,139,"Phlebotomus","","ctenidophorus","","",,"","original combination, valid: No","Unambiguous Synonym",
234,140,"Phlebotomus","","cubensis","","",,"","original combination, valid: No","Unambiguous Synonym",
276,141,"Phlebotomus","","duppyorum","","",,"","original combination, valid: No","Unambiguous Synonym",
278,142,"Phlebotomus","","durani","","",,"","original combination, valid: No","Unambiguous Synonym",
307,143,"Phlebotomus","","farilli","","",,"","original combination, valid: No","Unambiguous Synonym",
375,144,"Phlebotomus","","hardisoni","","",,"","original combination, valid: No","Unambiguous Synonym",
433,145,"Lutzomyia","","lewisi","","",,"","original combination, valid: No","Unambiguous Synonym",
495,147,"Flebotomus","","minasensis","","",,"","original combination, valid: No","Unambiguous Synonym",
537,148,"Lutzomyia","","oliveirai","","",,"","original combination, valid: No","Unambiguous Synonym",
637,149,"Phlebotomus","","quadrispinosus","","",,"","original combination, valid: No","Unambiguous Synonym",
811,151,"Phlebotomus","","venezuelensis","","",,"","original combination, valid: No","Unambiguous Synonym",
847,152,"Phlebotomus","","wirthi","","",,"","original combination, valid: No","Unambiguous Synonym",
852,153,"Phlebotomus","","yencanensis","","",,"","original combination, valid: No","Unambiguous Synonym",
25,154,"Lutzomyia","","andersoni","","",,"","original combination, valid: No","Unambiguous Synonym",
69,155,"Lutzomyia","","baculus","","",,"","original combination, valid: No","Unambiguous Synonym",
136,157,"Lutzomyia","","callipygus","","",,"","original combination, valid: No","Unambiguous Synonym",
147,158,"Lutzomyia","Walkeri","carmelinoi","","",,"","original combination, valid: No","Unambiguous Synonym",
213,159,"Phlebotomus","","cortelezzii","","",,"","original combination, valid: No","Unambiguous Synonym",
217,160,"Lutzomyia","Complexo cortelezzii","corumbaensis","","",,"","original combination, valid: No","Unambiguous Synonym",
219,161,"Flebotomus","Castromyia","costalimai","","",,"","original combination, valid: No","Unambiguous Synonym",
272,162,"Phlebotomus","","dubitans","","",,"","original combination, valid: No","Unambiguous Synonym",
284,163,"Flebotomus","","edwardsi","","",,"","original combination, valid: No","Unambiguous Synonym",
295,164,"Phlebotomus","","evandroi","","",,"","original combination, valid: No","Unambiguous Synonym",
315,165,"Sergentomyia","","firmatoi","","",,"","original combination, valid: No","Unambiguous Synonym",
359,166,"Lutzomyia","","gruta","","",,"","original combination, valid: No","Unambiguous Synonym",
425,167,"Flebotomus","","lenti","","",,"","original combination, valid: No","Unambiguous Synonym",
492,168,"Phlebotomus","","migonei","","",,"","original combination, valid: No","Unambiguous Synonym",
567,169,"Phlebotomus","","pacae","","",,"","original combination, valid: No","Unambiguous Synonym",
608,170,"Lutzomyia","Barrettomyia","petropolitana","","",,"","original combination, valid: No","Unambiguous Synonym",
681,171,"Phlebotomus","","sallesi","","",,"","original combination, valid: No","Unambiguous Synonym",
697,172,"Phlebotomus","","sericeus","","",,"","original combination, valid: No","Unambiguous Synonym",
798,174,"Flebotomus","Castromyia","typynambai","","",,"","original combination, valid: No","Unambiguous Synonym",
835,175,"Phlebotomus","","walkeri","","",,"","original combination, valid: No","Unambiguous Synonym",
843,176,"Flebotomus","","williamsi","","",,"","original combination, valid: No","Unambiguous Synonym",
850,177,"Lutzomyia","","xerophila","","",,"","original combination, valid: No","Unambiguous Synonym",
8,178,"Lutzomyia","","acanthopharynx","","",,"","original combination, valid: No","Unambiguous Synonym",
102,179,"Lutzomyia","","boliviana","","",,"","original combination, valid: No","Unambiguous Synonym",
123,180,"Lutzomyia","","brisolai","","",,"","original combination, valid: No","Unambiguous Synonym",
127,181,"Phlebotomus","","bursiformis","","",,"","original combination, valid: No","Unambiguous Synonym",
391,182,"Lutzomyia","","ignacioi","","",,"","original combination, valid: No","Unambiguous Synonym",
496,183,"Flebotomus","","misionensis","","",,"","original combination, valid: No","Unambiguous Synonym",
535,185,"Lutzomyia","","oligodonta","","",,"","original combination, valid: No","Unambiguous Synonym",
624,186,"Phlebotomus","","pius","","",,"","original combination, valid: No","Unambiguous Synonym",
625,187,"Lutzomyia","","ponsi","","",,"","original combination, valid: No","Unambiguous Synonym",
684,189,"Phlebotomus","","samueli","","",,"","original combination, valid: No","Unambiguous Synonym",
771,190,"Lutzomyia","","torrealbai","","",,"","original combination, valid: No","Unambiguous Synonym",
35,192,"Flebotomus","","antunesi","","",,"","original combination, valid: No","Unambiguous Synonym",
283,194,"Phlebotomus","","edentulous","","",,"","original combination, valid: No","Unambiguous Synonym",
323,195,"Flebotomus","","flaviscutellatus","","",,"","original combination, valid: No","Unambiguous Synonym",
382,196,"Phlebotomus","","hernandezi","","",,"","original combination, valid: No","Unambiguous Synonym",
540,199,"Lutzomyia","","olmeca bicolor","","",,"","original combination, valid: No","Unambiguous Synonym",
1212,205,"Phlebotomus","","sylvicolus","","",,"","original combination, valid: No","Unambiguous Synonym",
778,206,"Phlebotomus","","trapidoi","","",,"","original combination, valid: No","Unambiguous Synonym",
801,207,"Lutzomyia","","umbratilis","","",,"","original combination, valid: No","Unambiguous Synonym",
840,209,"Flebotomus","","whitmani","","",,"","original combination, valid: No","Unambiguous Synonym",
862,211,"Lutzomyia","","yuilli pajoti","","",,"","original combination, valid: No","Unambiguous Synonym",
861,212,"Lutzomyia","Nyssomyia","yuilli","","",,"","original combination, valid: No","Unambiguous Synonym",
18,213,"Flebotomus","","alphabeticus","","",,"","original combination, valid: No","Unambiguous Synonym",
104,215,"Lutzomyia","Helcocyrtomyia","borgmeieri","","",,"","original combination, valid: No","Unambiguous Synonym",
122,216,"Phlebotomus","","breviductus","","",,"","original combination, valid: No","Unambiguous Synonym",
141,217,"Lutzomyia","Helcocyrtomyia","capixaba","","",,"","original combination, valid: No","Unambiguous Synonym",
310,218,"Sergentomyia","","ferreirana","","",,"","original combination, valid: No","Unambiguous Synonym",
353,219,"Lutzomyia","","goiana","","",,"","original combination, valid: No","Unambiguous Synonym",
450,220,"Flebotomus","","longipennis","","",,"","original combination, valid: No","Unambiguous Synonym",
462,221,"Lutzomyia","Helcocyrtomyia","machupicchu","","",,"","original combination, valid: No","Unambiguous Synonym",
627,224,"Phlebotomus","","pratti","","",,"","original combination, valid: No","Unambiguous Synonym",
634,225,"Lutzomyia","Helcocyrtomyia","pusilla","","",,"","original combination, valid: No","Unambiguous Synonym",
639,226,"Lutzomyia","Helcocyrtomyia","quechua","","",,"","original combination, valid: No","Unambiguous Synonym",
644,228,"Lutzomyia","","ramirezi","","",,"","original combination, valid: No","Unambiguous Synonym",
662,229,"Phlebotomus","","rorotaensis","","",,"","original combination, valid: No","Unambiguous Synonym",
869,232,"Phlebotomus","","zikani","","",,"","original combination, valid: No","Unambiguous Synonym",
529,233,"Lutzomyia","","nuneztovari anglesi","","",,"","original combination, valid: No","Unambiguous Synonym",
186,234,"Phlebotomus","","chassigneti","","",,"","original combination, valid: No","Unambiguous Synonym",
468,235,"Lutzomyia","","mangabeirana","","",,"","original combination, valid: No","Unambiguous Synonym",
617,236,"Flebotomus","","pilosus","","",,"","original combination, valid: No","Unambiguous Synonym",
239,237,"Flebotomus","Pintomyia","damascenoi","","",,"","original combination, valid: No","Unambiguous Synonym",
352,239,"Phlebotomus","Pintomyia","gibsoni","","",,"","original combination, valid: No","Unambiguous Synonym",
600,240,"Phlebotomus","","pessoai","","",,"","original combination, valid: No","Unambiguous Synonym",
139,242,"Phlebotomus","","camposi","","",,"","original combination, valid: No","Unambiguous Synonym",
190,243,"Phlebotomus","","choti","","",,"","original combination, valid: No","Unambiguous Synonym",
281,244,"Phlebotomus","","dysponetus","","",,"","original combination, valid: No","Unambiguous Synonym",
289,245,"Flebotomus","Pressatia","equatorialis","","",,"","original combination, valid: No","Unambiguous Synonym",
792,247,"Flebotomus","Pressatia","trispinosus","","",,"","original combination, valid: No","Unambiguous Synonym",
2,248,"Phlebotomus","","abonnenci","","",,"","original combination, valid: No","Unambiguous Synonym",
137,249,"Flebotomus","","campbelli","","",,"","original combination, valid: No","Unambiguous Synonym",
223,250,"Phlebotomus","","cratifer","","",,"","original combination, valid: No","Unambiguous Synonym",
242,252,"Phlebotomus","","dasymerus","","",,"","original combination, valid: No","Unambiguous Synonym",
253,253,"Flebotomus","","dendrophylus","","",,"","original combination, valid: No","Unambiguous Synonym",
363,254,"Lutzomyia","Shannoni","guatemalensis","","",,"","original combination, valid: No","Unambiguous Synonym",
460,255,"Phlebotomus","","lutzianus","","",,"","original combination, valid: No","Unambiguous Synonym",
633,257,"Phlebotomus","","punctigeniculatus","","",,"","original combination, valid: No","Unambiguous Synonym",
691,258,"Flebotomus","","scaffi","","",,"","original combination, valid: No","Unambiguous Synonym",
703,259,"Phlebotomus","Neophlebotomus","shannoni","","",,"","original combination, valid: No","Unambiguous Synonym",
709,260,"Phlebotomus","","socculus","","",,"","original combination, valid: No","Unambiguous Synonym",
712,261,"Flebotomus","","souzacastroi","","",,"","original combination, valid: No","Unambiguous Synonym",
804,263,"Phlebotomus","","undulatus","","",,"","original combination, valid: No","Unambiguous Synonym",
22,265,"Phlebotomus","","amazonensis","","",,"","original combination, valid: No","Unambiguous Synonym",
92,268,"Phlebotomus","Psychodopygus","bernalei","","",,"","original combination, valid: No","Unambiguous Synonym",
100,269,"Phlebotomus","Shannonomyina","bispinosus","","",,"","original combination, valid: No","Unambiguous Synonym",
150,270,"Flebotomus","","carrerai","","",,"","original combination, valid: No","Unambiguous Synonym",
184,272,"Flebotomus","","chagasi","","",,"","original combination, valid: No","Unambiguous Synonym",
199,273,"Lutzomyia","","claustrei","","",,"","original combination, valid: No","Unambiguous Synonym",
206,274,"Flebotomus","Psychodopygus","complexus","","",,"","original combination, valid: No","Unambiguous Synonym",
267,277,"Psychodopygus","","dorlinsis","","",,"","original combination, valid: No","Unambiguous Synonym",
349,280,"Flebotomus","Psychodopygus","geniculatus","","",,"","original combination, valid: No","Unambiguous Synonym",
368,281,"Phlebotomus","","guyanensis","","",,"","original combination, valid: No","Unambiguous Synonym",
388,282,"Flebotomus","Shannonomyia","hirsutus","","",,"","original combination, valid: No","Unambiguous Synonym",
516,283,"Phlebotomus","","nicaraguensis","","",,"","original combination, valid: No","Unambiguous Synonym",
420,285,"Psychodopygus","","lainsoni","","",,"","original combination, valid: No","Unambiguous Synonym",
428,286,"Psychodopygus","","leonidasdeanei","","",,"","original combination, valid: No","Unambiguous Synonym",
439,287,"Psychodopygus","","llanosmartinsi","","",,"","original combination, valid: No","Unambiguous Synonym",
476,289,"Sergentomyia","","matosi","","",,"","original combination, valid: No","Unambiguous Synonym",
578,292,"Flebotomus","Shannonomyia","paraensis","","",,"","original combination, valid: No","Unambiguous Synonym",
581,293,"Phlebotomus","Psychodopygus","parimaensis","","",,"","original combination, valid: No","Unambiguous Synonym",
473,295,"Phlebotomus","","maripaensis","","",,"","original combination, valid: No","Unambiguous Synonym",
838,297,"Psychodopygus","","wellcomei","","",,"","original combination, valid: No","Unambiguous Synonym",
859,298,"Psychodopygus","","yucumensis","","",,"","original combination, valid: No","Unambiguous Synonym",
210,299,"Lutzomyia","","correalimai","","",,"","original combination, valid: No","Unambiguous Synonym",
677,300,"Lutzomyia","","rupicola","","",,"","original combination, valid: No","Unambiguous Synonym",
689,301,"Phlebotomus","","saülensis","","",,"","original combination, valid: No","Unambiguous Synonym",
845,302,"Flebotomus","","wilsoni","","",,"","original combination, valid: No","Unambiguous Synonym",
487,304,"Flebotomus","","microps","","",,"","original combination, valid: No","Unambiguous Synonym",
587,306,"Lutzomyia","","pennyi","","",,"","original combination, valid: No","Unambiguous Synonym",
629,307,"Lutzomyia","","preclara","","",,"","original combination, valid: No","Unambiguous Synonym",
700,308,"Flebotomus","","servulolimai","","",,"","original combination, valid: No","Unambiguous Synonym",
59,311,"Flebotomus","","auraensis","","",,"","original combination, valid: No","Unambiguous Synonym",
112,314,"Flebotomus","","brachipygus","","",,"","original combination, valid: No","Unambiguous Synonym",
156,315,"Flebotomus","","castanheirai","","",,"","original combination, valid: No","Unambiguous Synonym",
274,317,"Flebotomus","","dunhami","","",,"","original combination, valid: No","Unambiguous Synonym",
294,318,"Lutzomyia","","eurypygus","","",,"","original combination, valid: No","Unambiguous Synonym",
326,319,"Phlebotomus","","flochi","","",,"","original combination, valid: No","Unambiguous Synonym",
454,323,"Flebotomus","","lopesi","","",,"","original combination, valid: No","Unambiguous Synonym",
456,324,"Phlebotomus","","loretonensis","","",,"","original combination, valid: No","Unambiguous Synonym",
479,325,"Flebotomus","","meirai","","",,"","original combination, valid: No","Unambiguous Synonym",
481,326,"Flebotomus","","melloi","","",,"","original combination, valid: No","Unambiguous Synonym",
546,329,"Lutzomyia","","omagua","","",,"","original combination, valid: No","Unambiguous Synonym",
650,330,"Lutzomyia","Trichophoromyia","ready","","",,"","original combination, valid: No","Unambiguous Synonym",
653,331,"Phlebotomus","","reburrus","","",,"","original combination, valid: No","Unambiguous Synonym",
666,332,"Phlebotomus","","rostrans","","",,"","original combination, valid: No","Unambiguous Synonym",
799,335,"Flebotomus","","ubiquitalis","","",,"","original combination, valid: No","Unambiguous Synonym",
243,339,"Flebotomus","","dasypodogeton","","",,"","original combination, valid: No","Unambiguous Synonym",
648,346,"Lutzomyia","","ratclifei","","",,"","original combination, valid: No","Unambiguous Synonym",
785,348,"Phlebotomus","","trichopygus","","",,"","original combination, valid: No","Unambiguous Synonym",
790,349,"Phlebotomus","","triramulus","","",,"","original combination, valid: No","Unambiguous Synonym",
833,350,"Flebotomus","","wagleyi","","",,"","original combination, valid: No","Unambiguous Synonym",
192,355,"Phlebotomus","","christophei","","",,"","original combination, valid: No","Unambiguous Synonym",
514,362,"Flebotomus","","nevesi","","",,"","original combination, valid: No","Unambiguous Synonym",
525,363,"Lutzomyia","","novoae","","",,"","original combination, valid: No","Unambiguous Synonym",
527,364,"Phlebotomus","","nuñeztovari","","",,"","original combination, valid: No","Unambiguous Synonym",
533,365,"Phlebotomus","","odax","","",,"","original combination, valid: No","Unambiguous Synonym",
551,366,"Phlebotomus","","oresbius","","",,"","original combination, valid: No","Unambiguous Synonym",
552,367,"Phlebotomus","","orestes","","",,"","original combination, valid: No","Unambiguous Synonym",
563,368,"Phlebotomus","Pifanomyia","ottolinai","","",,"","original combination, valid: No","Unambiguous Synonym",
565,369,"Phlebotomus","","ovallesi","","",,"","original combination, valid: No","Unambiguous Synonym",
699,372,"Flebotomus","","serranus","","",,"","original combination, valid: No","Unambiguous Synonym",
739,373,"Lutzomyia","","spinicrassa","","",,"","original combination, valid: No","Unambiguous Synonym",
305,378,"Flebotomus","","fariasi","","",,"","original combination, valid: No","Unambiguous Synonym",
338,379,"Flebotomus","Viannamyia","furcatus","","",,"","original combination, valid: No","Unambiguous Synonym",
796,380,"Flebotomus","Viannamyia","tuberculatus","","",,"","original combination, valid: No","Unambiguous Synonym",
332,382,"Warileya","","fourgassiensis","","",,"","original combination, valid: No","Unambiguous Synonym",
610,384,"Warileya","","phlebotomanica","","",,"","original combination, valid: No","Unambiguous Synonym",
669,385,"Warileya","","rotundipennis","","",,"","original combination, valid: No","Unambiguous Synonym",
865,386,"Warileya","","yungasi","","",,"","original combination, valid: No","Unambiguous Synonym",
483,9,"Brumptomyia","","mesai","Sherlock, 1962","",,"","original combination, valid: No","Unambiguous Synonym",
659,265,"Lutzomyia","","robini","Abonnenc, Arias, Léger & Young, 1980","",,"","original combination, valid: No","Unambiguous Synonym",
361,128,"Phlebotomus","","guadeloupensis","Floch & Abonnenc, 1945","",,"","original combination, valid: No","Unambiguous Synonym",
761,128,"Phlebotomus","","tejerae","Larrousse, 1922","",,"","original combination, valid: No","Unambiguous Synonym",
715,267,"Lutzomyia","","sp. de Turure","Lewis, 1975","",,"","original combination, valid: No","Unambiguous Synonym",
539,27,"Phlebotomus","","oliverioi","Barretto & Coutinho, 1941","",,"","original combination, valid: No","Unambiguous Synonym",
733,158,"Lutzomyia","Walkeri","sp.n. do grupo walkeri","Lainson, Shaw, Ryan, Ribeiro & Silveira, 1985","",,"","original combination, valid: No","Unambiguous Synonym",
1201,158,"Lutzomyia","","sp.n. 222.12","Ryan, 1986","",,"","original combination, valid: No","Unambiguous Synonym",
603,270,"Sergentomyia","","pessoana","Barretto, 1955","",,"","original combination, valid: No","Unambiguous Synonym",
503,356,"Phlebotomus","","monticolus var. incarum","Ristorcelli & Van ty, 1941","",,"","original combination, valid: No","Unambiguous Synonym",
661,276,"Flebotomus","","rooti","Mangabeira Fo, 1942","",,"","original combination, valid: No","Unambiguous Synonym",
88,40,"Lutzomyia","","beltrani (forma belize)","Williams, 1976","",,"","original combination, valid: No","Unambiguous Synonym",
716,238,"Phlebotomus","","sp.","Theodor, 1932","",,"","original combination, valid: No","Unambiguous Synonym",
944,118,"Flebotomus","","suis","Rozeboom, 1940","",,"","original combination, valid: No","Unambiguous Synonym",
418,118,"Phlebotomus","","japignyi","Floch & Abonnenc, 1944","",,"","original combination, valid: No","Unambiguous Synonym",
374,35,"Phlebotomus","","hansoni","Fairchild & Hertig, 1961","",,"","original combination, valid: No","Unambiguous Synonym",
202,282,"Phlebotomus","","colas-belcouri","Floch & Chassignet, 1947","",,"","original combination, valid: No","Unambiguous Synonym",
718,282,"Phlebotomus","","sp. "c"","Velasco, 1973","",,"","original combination, valid: No","Unambiguous Synonym",
721,282,"Phlebotomus","","sp. 780","Floch & Chassignet, 1948","",,"","original combination, valid: No","Unambiguous Synonym",
730,282,"Phlebotomus","","sp. II","Floch, 1947","",,"","original combination, valid: No","Unambiguous Synonym",
13,321,"Phlebotomus","","adleri","Llanos, 1964","",,"","original combination, valid: No","Unambiguous Synonym",
722,322,"Phlebotomus","","sp. B du gallion","Floch & Abonnenc, 1942","",,"","original combination, valid: No","Unambiguous Synonym",
478,198,"Phlebotomus","","mazzai","Paterson, 1926","",,"","original combination, valid: No","Unambiguous Synonym",
458,198,"Phlebotomus","","lutzi","Manson-Bahr, 1925","",,"","original combination, valid: No","Unambiguous Synonym",
512,198,"Phlebotomus","","neivai","Pinto, 1926","",,"","original combination, valid: No","Unambiguous Synonym",
427,167,"Lutzomyia","","lentioides","Forattini, 1971","",,"","original combination, valid: No","Unambiguous Synonym",
736,286,"Psychodopygus","Squamiventris","sp.n. n°401.63","Fraiha, Ward, Shaw & Lainson, 1978","",,"","original combination, valid: No","Unambiguous Synonym",
822,121,"Phlebotomus","","vexillarius","Fairchild & Hertig, 1952","",,"","original combination, valid: No","Unambiguous Synonym",
643,288,"Flebotomus","","rachoui","Damasceno & Arouck, 1956","",,"","original combination, valid: No","Unambiguous Synonym",
16,122,"Phlebotomus","","almazani","Galliard, 1934","",,"","original combination, valid: No","Unambiguous Synonym",
402,326,"Lutzomyia","Trichophoromyia","ininii","(Floch & Abonnenc, 1943)","",,"","new combination, valid: No","Unambiguous Synonym",
1298,183,"Phlebotomus","","sp.","Bejarano & Duret, 1950","",,"","original combination, valid: No","Unambiguous Synonym",
201,183,"Lutzomyia","","coelhoi","Coelho, Falcão & Falcão, 1967","",,"","original combination, valid: No","Unambiguous Synonym",
584,184,"Lutzomyia","","paulwilliamsi","Martins, Falcão & Silva, 1977","",,"","original combination, valid: No","Unambiguous Synonym",
14,328,"Flebotomus","","affinis","Mangabeira Fo, 1942","",,"","original combination, valid: No","Unambiguous Synonym",
271,365,"Lutzomyia","","dubia","Martins, Falcão & Silva, 1965","",,"","original combination, valid: No","Unambiguous Synonym",
504,82,"Phlebotomus","","montoyai","Sherlock, 1962","",,"","original combination, valid: No","Unambiguous Synonym",
309,169,"Flebotomus","","ferreirai","Causey & Damasceno, 1945","",,"","original combination, valid: No","Unambiguous Synonym",
1147,51,"Phlebotomus","","tikalensis","De León, 1971","",,"","original combination, valid: No","Unambiguous Synonym",
50,67,"Lutzomyia","Evandromyia","aroucki","Barretto, 1962","",,"","original combination, valid: No","Unambiguous Synonym",
194,257,"Flebotomus","","christophersoni","Damasceno & Causey, 1944","",,"","original combination, valid: No","Unambiguous Synonym",
727,225,"Phlebotomus","","sp. de Saul","Floch & Abonnenc, 1944","",,"","original combination, valid: No","Unambiguous Synonym",
658,227,"Flebotomus","","rickardi","Costa Lima, 1936","",,"","original combination, valid: No","Unambiguous Synonym",
247,172,"Flebotomus","","deanei","Damasceno, Causey & Arouck, 1945","",,"","original combination, valid: No","Unambiguous Synonym",
485,259,"Phlebotomus","","microcephalus","Barretto & Duret, 1953","",,"","original combination, valid: No","Unambiguous Synonym",
98,259,"Phlebotomus","","bigeniculatus","Floch & Abonnenc, 1941","",,"","original combination, valid: No","Unambiguous Synonym",
615,259,"Phlebotomus","","pifanoi","Ortíz, 1972","",,"","original combination, valid: No","Unambiguous Synonym",
735,204,"Lutzomyia","","sp. n°260.43","Ward, Shaw, Lainson & Fraiha, 1973","",,"","original combination, valid: No","Unambiguous Synonym",
524,309,"Flebotomus","","nordestinus","Mangabeira Fo, 1942","",,"","original combination, valid: No","Unambiguous Synonym",
287,127,"Lutzomyia","","eliensis","Le Pont & Desjeux, 1983","",,"","original combination, valid: No","Unambiguous Synonym",
756,205,"Phlebotomus","","sylvestris","Floch & Abonnenc, 1944","",,"","original combination, valid: No","Unambiguous Synonym",
857,231,"Phlebotomus","","yucatanensis","Galliard, 1934","",,"","original combination, valid: No","Unambiguous Synonym",
824,231,"Flebotomus","","villelai","Mangabeira Fo, 1942","",,"","original combination, valid: No","Unambiguous Synonym",
858,231,"Phlebotomus","","yucatanensis var. baduelensis","Floch & Abonnenc, 1941","",,"","original combination, valid: No","Unambiguous Synonym",
70,231,"Phlebotomus","","baduelensis","Floch & Abonnenc, 1944","",,"","original combination, valid: No","Unambiguous Synonym",
1292,380,"Lutzomyia","Viannamyia","munangai","Wijers & Huisenga, 1967","",,"","original combination, valid: No","Unambiguous Synonym",
78,335,"Phlebotomus","","basispinosus","Barretto & Coutinho, 1943","",,"","original combination, valid: No","Unambiguous Synonym",
720,207,"Lutzomyia","","sp. 260.31","Ward, Shaw, Lainson & Fraiha, 1973","",,"","original combination, valid: No","Unambiguous Synonym",
871,151,"Phlebotomus","","zulianensis","Floch & Abonnenc, 1948","",,"","original combination, valid: No","Unambiguous Synonym",
821,93,"Phlebotomus","","vexator occidentis","Fairchild & Hertig, 1957","",,"","original combination, valid: No","Unambiguous Synonym",
347,175,"Phlebotomus","","gasti","Sherlock, 1962","",,"","original combination, valid: No","Unambiguous Synonym",
288,209,"Phlebotomus","","elongatus","Floch & Abonnenc, 1945","",,"","original combination, valid: No","Unambiguous Synonym",
411,209,"Phlebotomus","","intermedius longiductus","Floch & Abonnenc, 1942","",,"","original combination, valid: No","Unambiguous Synonym",
445,209,"Phlebotomus","","longiductus","Floch & Abonnenc, 1944","",,"","original combination, valid: No","Unambiguous Synonym",
410,192,"Phlebotomus","","intermedius acutus","Floch & Abonnenc, 1942","",,"","original combination, valid: No","Unambiguous Synonym",
410,209,"Phlebotomus","","intermedius acutus","Floch & Abonnenc, 1942","",,"","original combination, valid: No","Unambiguous Synonym",
719,298,"Psychodopygus","","sp. 2","Biancardi, Arias, Freitas & Castellón, 1982","",,"","original combination, valid: No","Unambiguous Synonym",
729,211,"Phlebotomus","","sp. femelle de souvenir","Floch & Abonnenc, 1944","",,"","original combination, valid: No","Unambiguous Synonym",
334,212,"Lutzomyia","Nyssomyia","fraihai","Martins, Falcão & Silva, 1979","",,"","original combination, valid: No","Unambiguous Synonym",
1216,26,"Phlebotomus","","sp. n°6","Rosabal, 1954","",,"","original combination, valid: No","Unambiguous Synonym",
992,276,"Lutzomyia","","groupe davisi","Léger, Abonnenc & Claustre, 1980","",,"","original combination, valid: No","Unambiguous Synonym",
1113,168,"Phlebotomus","","araozi","Paterson & Shannon, 1926","",,"","original combination, valid: No","Unambiguous Synonym",
1008,364,"Lutzomyia","","nuneztovari anglesi","Le Pont & Desjeux, 1984","",,"","original combination, valid: No","Unambiguous Synonym",
1271,409,"Lutzomyia","Trichophoromyia","sp. 1","Young, Pérez & Romero, 1985","",,"","original combination, valid: No","Unambiguous Synonym",
1272,410,"Lutzomyia","Trichophoromyia","sp. 2","Young, Pérez & Romero, 1985","",,"","original combination, valid: No","Unambiguous Synonym",
1273,414,"Lutzomyia","","sp. de Reventones","Ferro & Morales, 1988","",,"","original combination, valid: No","Unambiguous Synonym",
1274,414,"Lutzomyia","","sp. A","Kreutzer, Palau, Morales, Ferro, Feliciangeli & Young, 1990","",,"","original combination, valid: No","Unambiguous Synonym",
1270,394,"Lutzomyia","","sp. G","Velasco, 1973","",,"","original combination, valid: No","Unambiguous Synonym",
1171,283,"Phlebotomus","Psychodopygus","nicaraguensis","Fairchild & Hertig, 1961","",,"","original combination, valid: No","Unambiguous Synonym",
1282,229,"Phlebotomus","","sp. du Rorota","Floch & Abonnenc, 1941","",,"","original combination, valid: No","Unambiguous Synonym",
1032,364,"Lutzomyia","","sp. 1","Velasco, 1973","",,"","original combination, valid: No","Unambiguous Synonym",
1286,192,"Phlebotomus","","balourouensis","Floch & Abonnenc, 1944","",,"","original combination, valid: No","Unambiguous Synonym",
1033,203,"Lutzomyia","","sp. n°260.44","Ward & Killick-Kendrick, 1974","",,"","original combination, valid: No","Unambiguous Synonym",
82,2,"Phlebotomus","Brumptomyia","beaupertuyi","","",,"","original combination, valid: No","Unambiguous Synonym",
622,18,"Phlebotomus","","pintoi","","",,"","original combination, valid: No","Unambiguous Synonym",
379,24,"Phlebotomus","","heckenrothi","Floch & Abonnenc, 1942","",,"","original combination, valid: No","Unambiguous Synonym",
726,25,"Phlebotomus","","sp. de Maripa","Floch & Abonnenc, 1946","",,"","original combination, valid: No","Unambiguous Synonym",
119,27,"Phlebotomus","","brasiliensis","","",,"","original combination, valid: No","Unambiguous Synonym",
582,31,"Phlebotomus","","pascalei","","",,"","original combination, valid: No","Unambiguous Synonym",
86,38,"Phlebotomus","","beltrani","","",,"","original combination, valid: No","Unambiguous Synonym",
867,46,"Lutzomyia","","zeledoni","","",,"","original combination, valid: No","Unambiguous Synonym",
671,50,"Phlebotomus","","rubidulus","Fairchild & Hertig, 1956","",,"","original combination, valid: No","Unambiguous Synonym",
725,57,"Phlebotomus","","sp. de crique anguille","Floch & Abonnenc, 1945","",,"","original combination, valid: No","Unambiguous Synonym",
304,66,"Phlebotomus","","falciformis","Floch & Abonnenc, 1944","",,"","original combination, valid: No","Unambiguous Synonym",
762,68,"Lutzomyia","","teratodes","","",,"","original combination, valid: No","Unambiguous Synonym",
549,81,"Phlebotomus","","oppidanus","","",,"","original combination, valid: No","Unambiguous Synonym",
558,82,"Phlebotomus","","osornoi","","",,"","original combination, valid: No","Unambiguous Synonym",
825,94,"Phlebotomus","","vindicator","","",,"","original combination, valid: No","Unambiguous Synonym",
422,96,"Phlebotomus","","lanei","","",,"","original combination, valid: No","Unambiguous Synonym",
258,99,"Lutzomyia","","diacantha","Martins & Silva, 1965","",,"","original combination, valid: No","Unambiguous Synonym",
195,108,"Lutzomyia","","cipoensis","","",,"","original combination, valid: No","Unambiguous Synonym",
228,109,"Phlebotomus","","cruciatus","","",,"","original combination, valid: No","Unambiguous Synonym",
330,121,"Phlebotomus","","foliatus","Mirsa & Ortíz, 1952","",,"","original combination, valid: No","Unambiguous Synonym",
655,124,"Phlebotomus","","renei","","",,"","original combination, valid: No","Unambiguous Synonym",
737,127,"Lutzomyia","","spathotrichia","","",,"","original combination, valid: No","Unambiguous Synonym",
188,138,"Phlebotomus","","chiapanensis","","",,"","original combination, valid: No","Unambiguous Synonym",
71,156,"Phlebotomus","","bahiensis","","",,"","original combination, valid: No","Unambiguous Synonym",
723,172,"Phlebotomus","","sp. de Baduel","Floch & Abonnenc, 1945","",,"","original combination, valid: No","Unambiguous Synonym",
764,173,"Lutzomyia","","termitophila","","",,"","original combination, valid: No","Unambiguous Synonym",
502,184,"Phlebotomus","","monticolus","","",,"","original combination, valid: No","Unambiguous Synonym",
647,188,"Phlebotomus","","rangelianus","","",,"","original combination, valid: No","Unambiguous Synonym",
461,192,"Phlebotomus","","machicouensis","Floch & Abonnenc, 1944","",,"","original combination, valid: No","Unambiguous Synonym",
560,222,"Flebotomus","","oswaldoi","","",,"","original combination, valid: No","Unambiguous Synonym",
641,227,"Phlebotomus","Brumptomyia","quinquefer","","",,"","original combination, valid: No","Unambiguous Synonym",
317,238,"Phlebotomus","","fischeri","","",,"","original combination, valid: No","Unambiguous Synonym",
7,242,"Phlebotomus","","acanthobasis","Fairchild & Hertig, 1952","",,"","original combination, valid: No","Unambiguous Synonym",
783,246,"Flebotomus","Pressatia","triacanthus","","",,"","original combination, valid: No","Unambiguous Synonym",
724,255,"Phlebotomus","","sp. de Cayenne","Floch & Abonnenc, 1945","",,"","original combination, valid: No","Unambiguous Synonym",
605,256,"Phlebotomus","","pestanai","","",,"","original combination, valid: No","Unambiguous Synonym",
438,259,"Flebotomus","","limai","Fonseca, 1935","",,"","original combination, valid: No","Unambiguous Synonym",
889,263,"Phlebotomus","","humboldti","Vargas & Díaz Nájera, 1959","",,"","original combination, valid: No","Unambiguous Synonym",
831,264,"Phlebotomus","","volcanensis","","",,"","original combination, valid: No","Unambiguous Synonym",
805,272,"Flebotomus","Psychodopygus","unisetosus","Mangabeira Fo, 1941","",,"","original combination, valid: No","Unambiguous Synonym",
618,301,"Phlebotomus","","pinealis","Floch & Abonnenc, 1944","",,"","original combination, valid: No","Unambiguous Synonym",
328,303,"Phlebotomus","","fluviatilis","","",,"","original combination, valid: No","Unambiguous Synonym",
444,309,"Phlebotomus","","longicornutus","Floch & Abonnenc, 1943","",,"","original combination, valid: No","Unambiguous Synonym",
401,322,"Phlebotomus","","ininii","","",,"","original combination, valid: No","Unambiguous Synonym",
160,335,"Phlebotomus","","cauchensis","Floch & Abonnenc, 1943","",,"","original combination, valid: No","Unambiguous Synonym",
453,343,"Flebotomus","","longispinus","","",,"","original combination, valid: No","Unambiguous Synonym",
204,356,"Phlebotomus","","columbianus","","",,"","original combination, valid: No","Unambiguous Synonym",
300,359,"Phlebotomus","","evansi","","",,"","original combination, valid: No","Unambiguous Synonym",
888,372,"Phlebotomus","","guayasi","Rodríguez, 1956","",,"","original combination, valid: No","Unambiguous Synonym",
731,380,"Phlebotomus","","sp. x","Floch & Abonnenc, 1944","",,"","original combination, valid: No","Unambiguous Synonym",
384,381,"Hertigia","","hertigi","","",,"","original combination, valid: No","Unambiguous Synonym",
518,383,"Warileya","","nigrosacculus","","",,"","original combination, valid: No","Unambiguous Synonym",
589,16,"Brumptomyia","","pentacantha","Barretto, 1947","",,"","original combination, valid: No","Ambiguous Synonym",
465,17,"Flebotomus","","mangabeirai","Barretto & Coutinho, 1941","",,"","original combination, valid: No","Ambiguous Synonym",
464,17,"Brumptomyia","","mangabeirai","Barretto & Coutinho, 1941","",,"","original combination, valid: No","Ambiguous Synonym",
741,19,"Phlebotomus","","spinosipes","Floch & Abonnenc, 1943","",,"","original combination, valid: No","Unambiguous Synonym",
741,18,"Phlebotomus","","spinosipes","Floch & Abonnenc, 1943","",,"","original combination, valid: No","Ambiguous Synonym",
776,310,"Phlebotomus","","townsendi","Llanos, 1964","",,"","original combination, valid: No","Unambiguous Synonym",
776,374,"Phlebotomus","","townsendi","Llanos, 1964","",,"","original combination, valid: No","Unambiguous Synonym",
441,288,"Flebotomus","","lloydi","Antunes, 1937","",,"","original combination, valid: No","Unambiguous Synonym",
441,266,"Flebotomus","","lloydi","Antunes, 1937","",,"","original combination, valid: No","Ambiguous Synonym",
52,267,"Sergentomyia","","arthuri","Fonseca, 1936","",,"","original combination, valid: No","Ambiguous Synonym",
769,267,"Lutzomyia","","tintinnabula","Christensen & Fairchild, 1971","",,"","original combination, valid: No","Unambiguous Synonym",
1283,267,"Flebotomus","","davisi","Root, 1934","",,"","original combination, valid: No","Ambiguous Synonym",
21,267,"Lutzomyia","","amazonensis","Root, 1934","",,"","original combination, valid: No","Ambiguous Synonym",
49,379,"Phlebotomus","","arborealis","Floch & Abonnenc, 1944","",,"","original combination, valid: No","Unambiguous Synonym",
49,377,"Phlebotomus","","arborealis","Floch & Abonnenc, 1944","",,"","original combination, valid: No","Ambiguous Synonym",
337,377,"Phlebotomus","","furcatus","Mangabeira Fo, 1941","",,"","original combination, valid: No","Ambiguous Synonym",
1184,270,"Psychodopygus","","paraensis","Costa Lima, 1941","",,"","original combination, valid: No","Ambiguous Synonym",
570,291,"Phlebotomus","","panamensis","Shannon, 1926","",,"","original combination, valid: No","Unambiguous Synonym",
570,270,"Phlebotomus","","panamensis","Shannon, 1926","",,"","original combination, valid: No","Ambiguous Synonym",
604,271,"Phlebotomus","","pessoanus","Barretto, 1955","",,"","original combination, valid: No","Ambiguous Synonym",
579,271,"Phlebotomus","Shannonomyina","paraensis","Costa Lima, 1941","",,"","original combination, valid: No","Ambiguous Synonym",
710,309,"Phlebotomus","","sordellii","Shannon & Del Ponte, 1927","",,"","original combination, valid: No","Unambiguous Synonym",
710,159,"Phlebotomus","","sordellii","Shannon & Del Ponte, 1927","",,"","original combination, valid: No","Ambiguous Synonym",
212,160,"Lutzomyia","","cortelezzii","Brèthes, 1923","",,"","original combination, valid: No","Ambiguous Synonym",
1178,279,"Phlebotomus","Shannonomyina","squamiventris","Lutz & Neiva, 1912","",,"","original combination, valid: No","Ambiguous Synonym",
447,238,"Flebotomus","","longipalpis","Lutz & Neiva, 1912","",,"","original combination, valid: No","Ambiguous Synonym",
65,267,"Phlebotomus","","ayrozai","Barretto & Coutinho, 1940","",,"","original combination, valid: No","Unambiguous Synonym",
65,280,"Phlebotomus","","ayrozai","Barretto & Coutinho, 1940","",,"","original combination, valid: No","Ambiguous Synonym",
67,280,"Psychodopygus","Psychodopygus","ayrozai","Barretto & Coutinho, 1940","",,"","original combination, valid: No","Ambiguous Synonym",
371,280,"Psychodopygus","Psychodopygus","guyanensis","Floch & Abonnenc, 1941","",,"","original combination, valid: No","Ambiguous Synonym",
788,219,"Lutzomyia","Trichopygomyia","trinidadensis","Newstead, 1922","",,"","original combination, valid: No","Ambiguous Synonym",
574,282,"Lutzomyia","Psychodopygus","paraensis","(Costa Lima, Costa Lima, 1941)","",,"","new combination, valid: No","Ambiguous Synonym",
44,24,"Phlebotomus","","aragaoi","Costa Lima, 1932","",,"","original combination, valid: No","Unambiguous Synonym",
44,30,"Phlebotomus","","aragaoi","Costa Lima, 1932","",,"","original combination, valid: No","Ambiguous Synonym",
482,322,"Lutzomyia","Trichophoromyia","melloi","(Causey & Causey & Damasceno, Damasceno, 1945)","",,"","new combination, valid: No","Ambiguous Synonym",
754,88,"Lutzomyia","","strictivilla","Young, 1979","",,"","original combination, valid: No","Unambiguous Synonym",
754,79,"Lutzomyia","","strictivilla","Young, 1979","",,"","original combination, valid: No","Ambiguous Synonym",
620,67,"Flebotomus","","pinottii","Lucena, 1960","",,"","original combination, valid: No","Unambiguous Synonym",
620,167,"Flebotomus","","pinottii","Lucena, 1960","",,"","original combination, valid: No","Ambiguous Synonym",
23,287,"Lutzomyia","Psychodopygus","amazonensis","(Root, 1934)","",,"","new combination, valid: No","Ambiguous Synonym",
51,266,"Flebotomus","","arthuri","Fonseca, 1936","",,"","original combination, valid: No","Unambiguous Synonym",
51,288,"Flebotomus","","arthuri","Fonseca, 1936","",,"","original combination, valid: No","Ambiguous Synonym",
607,362,"Lutzomyia","Trichopygomyia","pestanai","Barretto & Coutinho, 1941","",,"","original combination, valid: No","Ambiguous Synonym",
299,362,"Lutzomyia","","evansi","Nuñez-Tovar, 1924","",,"","original combination, valid: No","Ambiguous Synonym",
299,364,"Lutzomyia","","evansi","Nuñez-Tovar, 1924","",,"","original combination, valid: No","Ambiguous Synonym",
668,328,"Psychodopygus","Trichophoromyia","rostrans","Summers, 1912","",,"","original combination, valid: No","Ambiguous Synonym",
325,201,"Phlebotomus","Psychodopygus","flaviscutellatus","Mangabeira Fo, 1942","",,"","original combination, valid: No","Ambiguous Synonym",
40,201,"Phlebotomus","Psychodopygus","apicalis","Floch & Abonnenc, 1943","",,"","original combination, valid: No","Ambiguous Synonym",
64,280,"Flebotomus","","ayrozai","Barretto & Coutinho, 1940","",,"","original combination, valid: No","Ambiguous Synonym",
64,292,"Flebotomus","","ayrozai","Barretto & Coutinho, 1940","",,"","original combination, valid: No","Ambiguous Synonym",
240,240,"Lutzomyia","Pintomyia","damascenoi","(Mangabeira Fo, Mangabeira Fo, 1941)","",,"","new combination, valid: No","Ambiguous Synonym",
110,67,"Lutzomyia","Lutzomyia","bourrouli","Barretto & Coutinho, 1941","",,"","original combination, valid: No","Ambiguous Synonym",
398,32,"Psychodopygus","Trichophoromyia","inflatus","Floch & Abonnenc, 1944","",,"","original combination, valid: No","Ambiguous Synonym",
216,171,"Lutzomyia","Coromyia","cortellezzii","Brèthes, 1923","",,"","original combination, valid: No","Ambiguous Synonym",
489,150,"Lutzomyia","Micropygomyia","micropyga","(Mangabeira Fo, Mangabeira Fo, 1942)","",,"","new combination, valid: No","Ambiguous Synonym",
435,125,"Lutzomyia","","lichyi","Floch & Abonnenc, 1950","",,"","original combination, valid: No","Ambiguous Synonym",
746,295,"Psychodopygus","Psychodopygus","squamiventris","Lutz & Neiva, 1912","",,"","original combination, valid: No","Ambiguous Synonym",
745,274,"Lutzomyia","Psychodopygus","squamiventris","Lutz & Neiva, 1912","",,"","original combination, valid: No","Ambiguous Synonym",
745,295,"Lutzomyia","Psychodopygus","squamiventris","Lutz & Neiva, 1912","",,"","original combination, valid: No","Ambiguous Synonym",
474,296,"Lutzomyia","Psychodopygus","maripaensis","Floch & Abonnenc, 1946","",,"","original combination, valid: No","Ambiguous Synonym",
498,68,"Lutzomyia","","monstruosa","Floch & Abonnenc, 1944","",,"","original combination, valid: No","Ambiguous Synonym",
229,231,"Phlebotomus","Neophlebotomus","cruciatus","Coquillett, 1907","",,"","original combination, valid: No","Ambiguous Synonym",
226,231,"Lutzomyia","","cruciata","Coquillett, 1907","",,"","original combination, valid: No","Ambiguous Synonym",
30,206,"Lutzomyia","","anduzei","Rozeboom, 1942","",,"","original combination, valid: No","Ambiguous Synonym",
30,207,"Lutzomyia","","anduzei","Rozeboom, 1942","",,"","original combination, valid: No","Ambiguous Synonym",
32,207,"Psychodopygus","Trichophoromyia","anduzei","Rozeboom, 1942","",,"","original combination, valid: No","Ambiguous Synonym",
225,263,"Lutzomyia","","cratifera","Fairchild & Hertig, 1950","",,"","original combination, valid: No","Ambiguous Synonym",
114,336,"Psychodopygus","Trichophoromyia","brachipygus","Mangabeira Fo, 1942","",,"","original combination, valid: No","Ambiguous Synonym",
1121,336,"Phlebotomus","","brachypygus","Mangabeira Fo, 1942","",,"","original combination, valid: No","Ambiguous Synonym",
448,122,"Phlebotomus","","longipalpis","Lutz & Neiva, 1912","",,"","original combination, valid: No","Unambiguous Synonym",
448,231,"Phlebotomus","","longipalpis","Lutz & Neiva, 1912","",,"","original combination, valid: No","Ambiguous Synonym",
448,175,"Phlebotomus","","longipalpis","Lutz & Neiva, 1912","",,"","original combination, valid: No","Ambiguous Synonym",
545,201,"Phlebotomus","","olmecus","Vargas & Díaz Nájera, 1959","",,"","original combination, valid: No","Unambiguous Synonym",
545,210,"Phlebotomus","","olmecus","Vargas & Díaz Nájera, 1959","",,"","original combination, valid: No","Ambiguous Synonym",
777,376,"Lutzomyia","","townsendi","(Ortíz, Ortíz, 1960)","",,"","new combination, valid: No","Ambiguous Synonym",
152,298,"Lutzomyia","Psychodopygus","carrerai carrerai(dark form)","Barretto, 1946","",,"","original combination, valid: No","Ambiguous Synonym",
854,210,"Phlebotomus","","ylephiletor","Fairchild & Hertig, 1952","",,"","original combination, valid: No","Unambiguous Synonym",
854,206,"Phlebotomus","","ylephiletor","Fairchild & Hertig, 1952","",,"","original combination, valid: No","Ambiguous Synonym",
854,211,"Phlebotomus","","ylephiletor","Fairchild & Hertig, 1952","",,"","original combination, valid: No","Ambiguous Synonym",
36,212,"Lutzomyia","","antunesi","Coutinho, 1939","",,"","original combination, valid: No","Ambiguous Synonym",
407,212,"Lutzomyia","","intermedia","Lutz & Neiva, 1912","",,"","original combination, valid: No","Ambiguous Synonym",
490,146,"Flebotomus","","micropygus","Mangabeira Fo, 1942","",,"","original combination, valid: No","Unambiguous Synonym",
490,309,"Flebotomus","","micropygus","Mangabeira Fo, 1942","",,"","original combination, valid: No","Ambiguous Synonym",
702,248,"Lutzomyia","","shannoni","Dyar, 1929","",,"","original combination, valid: No","Ambiguous Synonym",
48,377,"Lutzomyia","","arborealis","Floch & Abonnenc, 1944","",,"","original combination, valid: No","Ambiguous Synonym",
335,377,"Lutzomyia","","furcata","Mangabeira Fo, 1941","",,"","original combination, valid: No","Ambiguous Synonym",
602,271,"Lutzomyia","","pessoana","Barretto, 1955","",,"","original combination, valid: No","Ambiguous Synonym",
572,271,"Lutzomyia","","paraensis","Costa Lima, 1941","",,"","original combination, valid: No","Ambiguous Synonym",
369,280,"Psychodopygus","","guyanensis","Floch & Abonnenc, 1941","",,"","original combination, valid: No","Ambiguous Synonym",
321,199,"Lutzomyia","","flaviscutellata","Mangabeira Fo, 1942","",,"","original combination, valid: No","Ambiguous Synonym",
321,200,"Lutzomyia","","flaviscutellata","Mangabeira Fo, 1942","",,"","original combination, valid: No","Ambiguous Synonym",
39,195,"Phlebotomus","","apicalis","Floch & Abonnenc, 1943","",,"","original combination, valid: No","Unambiguous Synonym",
39,199,"Phlebotomus","","apicalis","Floch & Abonnenc, 1943","",,"","original combination, valid: No","Ambiguous Synonym",
39,201,"Phlebotomus","","apicalis","Floch & Abonnenc, 1943","",,"","original combination, valid: No","Ambiguous Synonym",
215,171,"Phlebotomus","","cortellezzii","Brèthes, 1923","",,"","original combination, valid: No","Ambiguous Synonym",
631,68,"Flebotomus","","prox. a monstruosus","Floch & Abonnenc, 1944","",,"","original combination, valid: No","Ambiguous Synonym",
125,4,"Phlebotomus","","brumpti","Larrousse, 1920","",,"","original combination, valid: No","Unambiguous Synonym",
125,20,"Phlebotomus","","brumpti","Larrousse, 1920","",,"","original combination, valid: No","Ambiguous Synonym",
125,21,"Phlebotomus","","brumpti","Larrousse, 1920","",,"","original combination, valid: No","Ambiguous Synonym",
28,207,"Lutzomyia","","anduzei","Rozeboom, 1942","",,"","original combination, valid: No","Ambiguous Synonym",
29,191,"Phlebotomus","","anduzei","Rozeboom, 1942","",,"","original combination, valid: No","Unambiguous Synonym",
29,207,"Phlebotomus","","anduzei","Rozeboom, 1942","",,"","original combination, valid: No","Ambiguous Synonym",
1213,212,"Lutzomyia","","intermedia","Lutz & Neiva, 1912","",,"","original combination, valid: No","Ambiguous Synonym",
1085,265,"Lutzomyia","Psychodopygus","cercana a amazonensis","Root, 1934","",,"","original combination, valid: No","Ambiguous Synonym",
813,375,"Phlebotomus","","verrucarum","Townsend, 1913","",,"","original combination, valid: No","Unambiguous Synonym",
813,353,"Phlebotomus","","verrucarum","Townsend, 1913","",,"","original combination, valid: No","Ambiguous Synonym",
409,198,"Phlebotomus","","intermedius","Lutz & Neiva, 1912","",,"","original combination, valid: No","Unambiguous Synonym",
409,207,"Phlebotomus","","intermedius","Lutz & Neiva, 1912","",,"","original combination, valid: No","Ambiguous Synonym",
409,209,"Phlebotomus","","intermedius","Lutz & Neiva, 1912","",,"","original combination, valid: No","Ambiguous Synonym",
409,211,"Phlebotomus","","intermedius","Lutz & Neiva, 1912","",,"","original combination, valid: No","Ambiguous Synonym",
409,191,"Phlebotomus","","intermedius","Lutz & Neiva, 1912","",,"","original combination, valid: No","Ambiguous Synonym",
1116,26,"Phlebotomus","","barrettoi","Mangabeira Fo, 1942","",,"","original combination, valid: No","Ambiguous Synonym",
956,26,"Lutzomyia","","barrettoi","Mangabeira Fo, 1942","",,"","original combination, valid: No","Ambiguous Synonym",
1215,26,"Lutzomyia","","barrettoi","Mangabeira Fo, 1942","",,"","original combination, valid: No","Ambiguous Synonym",
1217,26,"Psychodopygus","Trichophoromyia","barrettoi","Mangabeira Fo, 1942","",,"","original combination, valid: No","Ambiguous Synonym",
340,9,"Phlebotomus","Brumptomyia","galindoi","Fairchild & Hertig, 1947","",,"","original combination, valid: No","Unambiguous Synonym",
340,2,"Phlebotomus","Brumptomyia","galindoi","Fairchild & Hertig, 1947","",,"","original combination, valid: No","Ambiguous Synonym",
782,243,"Lutzomyia","Pressatia","triacantha","(Mangabeira Fo, Mangabeira Fo, 1942)","",,"","new combination, valid: No","Ambiguous Synonym",
1295,162,"Lutzomyia","","marajoensis","Damasceno & Causey, 1944","",,"","original combination, valid: No","Ambiguous Synonym",
470,175,"Lutzomyia","","marajoensis","Damasceno & Causey, 1944","",,"","original combination, valid: No","Unambiguous Synonym",
470,162,"Lutzomyia","","marajoensis","Damasceno & Causey, 1944","",,"","original combination, valid: No","Ambiguous Synonym",
471,162,"Phlebotomus","","marajoensis","Damasceno & Causey, 1944","",,"","original combination, valid: No","Ambiguous Synonym",
1074,162,"Lutzomyia","","marajoensisowalkeri","Osorno-Mesa, Morales, Osorno & Ferro, 1972","",,"","original combination, valid: No","Ambiguous Synonym",
370,280,"Lutzomyia","Psychodopygus","guyanensis","(Floch & Floch & Abonnenc, Abonnenc, 1941)","",,"","new combination, valid: No","Ambiguous Synonym",
370,275,"Lutzomyia","Psychodopygus","guyanensis","(Floch & Floch & Abonnenc, Abonnenc, 1941)","",,"","new combination, valid: No","Ambiguous Synonym",
786,231,"Phlebotomus","","trinidadensis","Newstead, 1922","",,"","original combination, valid: No","Unambiguous Synonym",
786,118,"Phlebotomus","","trinidadensis","Newstead, 1922","",,"","original combination, valid: No","Ambiguous Synonym",
786,225,"Phlebotomus","","trinidadensis","Newstead, 1922","",,"","original combination, valid: No","Ambiguous Synonym",
960,67,"Lutzomyia","","bourrouli","Barretto & Coutinho, 1941","",,"","original combination, valid: No","Ambiguous Synonym",
1137,225,"Phlebotomus","","peresi","Mangabeira Fo, 1942","",,"","original combination, valid: No","Ambiguous Synonym",
367,280,"Lutzomyia","","guyanensis","Floch & Abonnenc, 1941","",,"","original combination, valid: No","Ambiguous Synonym",
531,328,"Phlebotomus","","octavioi","Vargas, 1949","",,"","original combination, valid: No","Unambiguous Synonym",
531,411,"Phlebotomus","","octavioi","Vargas, 1949","",,"","original combination, valid: No","Ambiguous Synonym",
743,237,"Phlebotomus","","spinosus","Floch & Abonnenc, 1942","",,"","original combination, valid: No","Unambiguous Synonym",
743,415,"Phlebotomus","","spinosus","Floch & Abonnenc, 1942","",,"","original combination, valid: No","Ambiguous Synonym",
1234,415,"Lutzomyia","Pintomyia","spinosa","Floch & Abonnenc, 1942","",,"","original combination, valid: No","Ambiguous Synonym",
1203,396,"Lutzomyia","","strictivilla","Young, 1979","",,"","original combination, valid: No","Ambiguous Synonym",
1276,74,"Lutzomyia","","erwindonaldoi","Ortíz, 1978","",,"","original combination, valid: No","Ambiguous Synonym",
1277,76,"Lutzomyia","","larensis","Arredondo, 1987","",,"","original combination, valid: No","Ambiguous Synonym",
1004,397,"Lutzomyia","","nevesi","Damasceno & Arouck, 1956","",,"","original combination, valid: No","Ambiguous Synonym",
1029,390,"Lutzomyia","","serrana","Damasceno & Arouck, 1949","",,"","original combination, valid: No","Ambiguous Synonym",
1081,390,"Lutzomyia","Pifanomyia","serrana","Damasceno & Arouck, 1949","",,"","original combination, valid: No","Ambiguous Synonym",
1002,418,"Lutzomyia","","micropyga","Mangabeira Fo, 1942","",,"","original combination, valid: No","Ambiguous Synonym",
1275,415,"Lutzomyia","","spinosa","Floch & Abonnenc, 1942","",,"","original combination, valid: No","Ambiguous Synonym",
491,150,"Phlebotomus","","micropygus","Mangabeira Fo, 1942","",,"","original combination, valid: No","Ambiguous Synonym",
491,418,"Phlebotomus","","micropygus","Mangabeira Fo, 1942","",,"","original combination, valid: No","Ambiguous Synonym",
163,131,"Phlebotomus","","cayennensis","Floch & Abonnenc, 1941","",,"","original combination, valid: No","Unambiguous Synonym",
163,153,"Phlebotomus","","cayennensis","Floch & Abonnenc, 1941","",,"","original combination, valid: No","Ambiguous Synonym",
245,276,"Phlebotomus","","davisi","Root, 1934","",,"","original combination, valid: No","Unambiguous Synonym",
245,265,"Phlebotomus","","davisi","Root, 1934","",,"","original combination, valid: No","Ambiguous Synonym",
245,273,"Phlebotomus","","davisi","Root, 1934","",,"","original combination, valid: No","Ambiguous Synonym",
245,282,"Phlebotomus","","davisi","Root, 1934","",,"","original combination, valid: No","Ambiguous Synonym",
245,291,"Phlebotomus","","davisi","Root, 1934","",,"","original combination, valid: No","Ambiguous Synonym",
775,373,"Lutzomyia","","townsendi","Ortíz, 1960","",,"","original combination, valid: No","Ambiguous Synonym",
775,376,"Lutzomyia","","townsendi","Ortíz, 1960","",,"","original combination, valid: No","Ambiguous Synonym",
573,273,"Phlebotomus","","paraensis","Costa Lima, 1941","",,"","original combination, valid: No","Ambiguous Synonym",
573,276,"Phlebotomus","","paraensis","Costa Lima, 1941","",,"","original combination, valid: No","Ambiguous Synonym",
573,282,"Phlebotomus","","paraensis","Costa Lima, 1941","",,"","original combination, valid: No","Ambiguous Synonym",
573,271,"Phlebotomus","","paraensis","Costa Lima, 1941","",,"","original combination, valid: No","Ambiguous Synonym",
1231,48,"Phlebotomus","","dodgei","Vargas & Díaz Nájera, 1953","",,"","original combination, valid: No","Ambiguous Synonym",
592,223,"Flebotomus","","peresi","Mangabeira Fo, 1942","",,"","original combination, valid: No","Unambiguous Synonym",
592,225,"Flebotomus","","peresi","Mangabeira Fo, 1942","",,"","original combination, valid: No","Ambiguous Synonym",
744,296,"Phlebotomus","","squamiventris","Lutz & Neiva, 1912","",,"","original combination, valid: No","Unambiguous Synonym",
744,295,"Phlebotomus","","squamiventris","Lutz & Neiva, 1912","",,"","original combination, valid: No","Ambiguous Synonym",
744,335,"Phlebotomus","","squamiventris","Lutz & Neiva, 1912","",,"","original combination, valid: No","Ambiguous Synonym",
562,122,"Phlebotomus","","otamae","Nuñez-Tovar, 1924","",,"","original combination, valid: No","Unambiguous Synonym",
903,168,"Phlebotomus","","rangeli","Nuñez-Tovar, 1924","",,"","original combination, valid: No","Unambiguous Synonym",
491,146,"Phlebotomus","","micropygus","Mangabeira Fo, 1942","",,"","original combination, valid: No","Unambiguous Synonym",
245,267,"Phlebotomus","","davisi","Root, 1934","",,"","original combination, valid: No","Unambiguous Synonym",
874,1,"Flebotomus","Brumptomyia","avellari","","",,"","original combination, valid: No","Unambiguous Synonym",
922,11,"Brumptomyia","","hamata","","",,"","original combination, valid: No","Unambiguous Synonym",
910,20,"Flebotomus","Brumptomyia","travassosi","","",,"","original combination, valid: No","Unambiguous Synonym",
5,23,"Lutzomyia","","abunaensis","(Martins, Falcão & Silva, 1965)","",,"","new combination, valid: No","Unambiguous Synonym",
507,36,"Lutzomyia","","moucheti","(Pajot & Le Pont, 1978)","",,"","new combination, valid: No","Unambiguous Synonym",
900,51,"Phlebotomus","Brumptomyia","permirus","","",,"","original combination, valid: No","Unambiguous Synonym",
83,60,"Lutzomyia","Evandromyia","begonae","(Ortíz & Torres, 1975)","",,"","new combination, valid: No","Unambiguous Synonym",
115,62,"Lutzomyia","Evandromyia","brachyphalla","(Mangabeira Fo, 1941)","",,"","new combination, valid: No","Unambiguous Synonym",
183,63,"Lutzomyia","Evandromyia","cerqueirai","(Causey & Damasceno, 1945)","",,"","new combination, valid: No","Unambiguous Synonym",
890,64,"Phlebotomus","","infraspinosus","","",,"","original combination, valid: No","Unambiguous Synonym",
621,67,"Lutzomyia","Evandromyia","pinottii","(Damasceno & Arouck, 1956)","",,"","new combination, valid: No","Unambiguous Synonym",
879,74,"Lutzomyia","","ceferinoi","","",,"","original combination, valid: No","Unambiguous Synonym",
885,76,"Lutzomyia","","erwindonaldoi","","",,"","original combination, valid: No","Unambiguous Synonym",
901,84,"Phlebotomus","","pescei","","",,"","original combination, valid: No","Unambiguous Synonym",
15,98,"Lutzomyia","Lutzomyia","alencari","Martins, Souza & Falcão, 1962","",,"","original combination, valid: No","Unambiguous Synonym",
97,103,"Lutzomyia","Lutzomyia","bifoliata","Osorno-Mesa, Morales, Osorno & Muñoz de Hoyos, 1970","",,"","original combination, valid: No","Unambiguous Synonym",
155,105,"Lutzomyia","Lutzomyia","carvalhoi","(Damasceno, Causey & Arouck, 1945)","",,"","new combination, valid: No","Unambiguous Synonym",
1219,107,"Lutzomyia","","cavernicola","","",,"","original combination, valid: No","Unambiguous Synonym",
231,110,"Lutzomyia","Lutzomyia","cruzi","(Mangabeira Fo, 1938)","",,"","new combination, valid: No","Unambiguous Synonym",
264,112,"Lutzomyia","Lutzomyia","dispar","Martins & Silva, 1963","",,"","original combination, valid: No","Unambiguous Synonym",
755,118,"Flebotomus","Brumptomyia","suis","","",,"","original combination, valid: No","Unambiguous Synonym",
414,119,"Lutzomyia","Lutzomyia","ischnacantha","Martins, Souza & Falcão, 1962","",,"","original combination, valid: No","Unambiguous Synonym",
906,125,"Lutzomyia","","sherlocki","","",,"","original combination, valid: No","Unambiguous Synonym",
878,131,"Phlebotomus","","cayennensis cayennensis","","",,"","original combination, valid: No","Unambiguous Synonym",
434,145,"Lutzomyia","Micropygomyia","lewisi","(Feliciangeli, Ordoñez & Fernandez, 1984)","",,"","new combination, valid: No","Unambiguous Synonym",
915,151,"Phlebotomus","","zuliaensis","","",,"","original combination, valid: No","Unambiguous Synonym",
875,155,"Lutzomyia","Walkeri","baculus","","",,"","original combination, valid: No","Unambiguous Synonym",
882,161,"Lutzomyia","Barrettomyia","costalimai","","",,"","original combination, valid: No","Unambiguous Synonym",
887,165,"Lutzomyia","","firmatoi","","",,"","original combination, valid: No","Unambiguous Synonym",
891,167,"Phlebotomus","","lenti","","",,"","original combination, valid: No","Unambiguous Synonym",
911,174,"Phlebotomus","Castromyia","tupynambai","","",,"","original combination, valid: No","Unambiguous Synonym",
913,176,"Lutzomyia","","williamsi","","",,"","original combination, valid: No","Unambiguous Synonym",
894,183,"Lutzomyia","","misionensis","","",,"","original combination, valid: No","Unambiguous Synonym",
1291,189,"Lutzomyia","Helcocyrtomyia","samueli","","",,"","original combination, valid: No","Unambiguous Synonym",
31,191,"Lutzomyia","Nyssomyia","anduzei","(Rozeboom, 1942)","",,"","new combination, valid: No","Unambiguous Synonym",
383,196,"Lutzomyia","Nyssomyia","hernandezi","(Ortíz, 1965)","",,"","new combination, valid: No","Unambiguous Synonym",
872,213,"Phlebotomus","","alphabeticus","","",,"","original combination, valid: No","Unambiguous Synonym",
886,218,"Lutzomyia","Helcocyrtomyia","ferreirana","","",,"","original combination, valid: No","Unambiguous Synonym",
1067,220,"Lutzomyia","Helcocyrtomyia","longipennis","","",,"","original combination, valid: No","Unambiguous Synonym",
899,223,"Lutzomyia","Helcocyrtomyia","peresi","","",,"","original combination, valid: No","Unambiguous Synonym",
616,236,"Lutzomyia","","pilosa","(Damasceno & Causey, 1944)","",,"","new combination, valid: No","Unambiguous Synonym",
130,241,"Lutzomyia","Pressatia","calcarata","Martins & Silva, 1964","",,"","original combination, valid: No","Unambiguous Synonym",
3,248,"Lutzomyia","Psathyromyia","abonnenci","(Floch & Chassignet, 1947)","",,"","new combination, valid: No","Unambiguous Synonym",
877,249,"Lutzomyia","","campbelli","","",,"","original combination, valid: No","Unambiguous Synonym",
883,253,"Lutzomyia","","dendrophila","","",,"","original combination, valid: No","Unambiguous Synonym",
905,258,"Lutzomyia","Shannoni","scaffi","","",,"","original combination, valid: No","Unambiguous Synonym",
713,261,"Lutzomyia","Psathyromyia","souzacastroi","(Damasceno & Causey, 1944)","",,"","new combination, valid: No","Unambiguous Synonym",
91,268,"Lutzomyia","Psychodopygus","bernalei","(Osorno-Mesa, Morales & Osorno, 1967)","",,"","new combination, valid: No","Unambiguous Synonym",
200,273,"Lutzomyia","Psychodopygus","claustrei","(Abonnenc, Léger & Fauran, 1979)","",,"","new combination, valid: No","Unambiguous Synonym",
880,274,"Psychodopygus","","complexus","","",,"","original combination, valid: No","Unambiguous Synonym",
881,275,"Psychodopygus","","corossoniensis","","",,"","original combination, valid: No","Unambiguous Synonym",
246,276,"Lutzomyia","Psychodopygus","davisi","(Root, 1934)","",,"","new combination, valid: No","Unambiguous Synonym",
387,283,"Lutzomyia","Psychodopygus","hirsuta nicaraguensis","(Fairchild & Hertig, 1961)","",,"","new combination, valid: No","Unambiguous Synonym",
477,289,"Lutzomyia","Psychodopygus","matosi","(Barretto & Zago Fo, 1956)","",,"","new combination, valid: No","Unambiguous Synonym",
907,295,"Psychodopygus","","squamiventris maripaensis","","",,"","original combination, valid: No","Unambiguous Synonym",
908,296,"Psychodopygus","","squamiventris squamiventris","","",,"","original combination, valid: No","Unambiguous Synonym",
914,302,"Lutzomyia","","wilsoni","","",,"","original combination, valid: No","Unambiguous Synonym",
893,304,"Lutzomyia","","microps","","",,"","original combination, valid: No","Unambiguous Synonym",
902,307,"Lutzomyia","","preclara","","",,"","original combination, valid: No","Unambiguous Synonym",
873,311,"Lutzomyia","","auraensis","","",,"","original combination, valid: No","Unambiguous Synonym",
111,314,"Lutzomyia","Trichophoromyia","brachipyga","(Mangabeira Fo, 1942)","",,"","new combination, valid: No","Unambiguous Synonym",
157,315,"Lutzomyia","Trichophoromyia","castanheirai","(Damasceno, Causey & Arouck, 1945)","",,"","new combination, valid: No","Unambiguous Synonym",
896,328,"Lutzomyia","","octavioi","","",,"","original combination, valid: No","Unambiguous Synonym",
912,350,"Lutzomyia","","wagleyi","","",,"","original combination, valid: No","Unambiguous Synonym",
24,352,"Lutzomyia","","amilcari","Arredondo, 1984","",,"","original combination, valid: No","Unambiguous Synonym",
515,362,"Lutzomyia","","nevesi","(Damasceno & Arouck, 1956)","",,"","new combination, valid: No","Unambiguous Synonym",
530,364,"Lutzomyia","","nuneztovari","(Ortíz, 1954)","",,"","new combination, valid: No","Unambiguous Synonym",
897,367,"Lutzomyia","","orestes","","",,"","original combination, valid: No","Unambiguous Synonym",
898,369,"Phlebotomus","Brumptomyia","ovallesi","","",,"","original combination, valid: No","Unambiguous Synonym",
909,374,"Phlebotomus","","townsendi","","",,"","original combination, valid: No","Unambiguous Synonym",
1249,399,"Lutzomyia","","antezanai","Le Pont, Dujardin, Mouchet & Desjeux, 1990","",,"","original combination, valid: No","Unambiguous Synonym",
574,292,"Lutzomyia","Psychodopygus","paraensis","(Costa Lima, Costa Lima, 1941)","",,"","new combination, valid: No","Unambiguous Synonym",
23,265,"Lutzomyia","Psychodopygus","amazonensis","(Root, 1934)","",,"","new combination, valid: No","Unambiguous Synonym",
